Kode Kantor;Nama Kantor;Kota;Nama Kantor Wilayah
4102100000;KPP Pratama Banda Aceh;Kota Banda Aceh;Kanwil Aceh
4102110000;KPP Pratama Bireuen;Kabupaten Bireuen;Kanwil Aceh
4102120000;KPP Pratama Langsa;Kota Langsa;Kanwil Aceh
4102130000;KPP Pratama Lhokseumawe;Kota Lhokseumawe;Kanwil Aceh
4102140000;KPP Pratama Meulaboh;Kabupaten Aceh Barat;Kanwil Aceh
4102160000;KPP Pratama Subulussalam;Kota Subulussalam;Kanwil Aceh
4102170000;KPP Pratama Aceh Besar;Kota Banda Aceh;Kanwil Aceh
4103010000;KPP Madya Medan;Kota Medan;Kanwil Sumatera Utara I
4103130000;KPP Pratama Binjai;Kota Binjai;Kanwil Sumatera Utara I
4103140000;KPP Pratama Medan Barat;Kota Medan;Kanwil Sumatera Utara I
4103150000;KPP Pratama Medan Belawan;Kota Medan;Kanwil Sumatera Utara I
4103170000;KPP Pratama Medan Petisah;Kota Medan;Kanwil Sumatera Utara I
4103180000;KPP Pratama Medan Polonia;Kota Medan;Kanwil Sumatera Utara I
4103190000;KPP Pratama Medan Timur;Kota Medan;Kanwil Sumatera Utara I
4103200000;KPP Pratama Lubuk Pakam;Kota Medan;Kanwil Sumatera Utara I
4103210000;KPP Madya Dua Medan;Kota Medan;Kanwil Sumatera Utara I
4104160000;KPP Pratama Sibolga;Kota Sibolga;Kanwil Sumatera Utara II
4104170000;KPP Pratama Balige;Kabupaten Tapanuli Utara;Kanwil Sumatera Utara II
4104180000;KPP Pratama Tebing Tinggi;Kota Tebing Tinggi;Kanwil Sumatera Utara II
4104190000;KPP Pratama Kabanjahe;Kabupaten Karo;Kanwil Sumatera Utara II
4104200000;KPP Pratama Kisaran;Kabupaten Asahan;Kanwil Sumatera Utara II
4104210000;KPP Pratama Padang Sidempuan;Kota Padang Sidempuan;Kanwil Sumatera Utara II
4104220000;KPP Pratama Pematang Siantar;Kota Pematang Siantar;Kanwil Sumatera Utara II
4104230000;KPP Pratama Rantau Prapat;Kabupaten Labuhanbatu;Kanwil Sumatera Utara II
4110010000;KPP Madya Palembang;Kota Palembang;Kanwil Sumatera Selatan dan Kepulauan Bangka Belitung
4110150000;KPP Pratama Baturaja;Ogan Komering Ulu;Kanwil Sumatera Selatan dan Kepulauan Bangka Belitung
4110160000;KPP Pratama Lahat;Kabupaten Lahat;Kanwil Sumatera Selatan dan Kepulauan Bangka Belitung
4110170000;KPP Pratama Lubuk Linggau;Kota Lubuklinggau;Kanwil Sumatera Selatan dan Kepulauan Bangka Belitung
4110180000;KPP Pratama Palembang Ilir Barat;Kota Palembang;Kanwil Sumatera Selatan dan Kepulauan Bangka Belitung
4110190000;KPP Pratama Palembang Ilir Timur;Kota Palembang;Kanwil Sumatera Selatan dan Kepulauan Bangka Belitung
4110200000;KPP Pratama Palembang Seberang Ulu;Kota Palembang;Kanwil Sumatera Selatan dan Kepulauan Bangka Belitung
4110210000;KPP Pratama Kayu Agung;Kabupaten Ogan Komering Ilir;Kanwil Sumatera Selatan dan Kepulauan Bangka Belitung
4110220000;KPP Pratama Prabumulih;Kota Prabumulih;Kanwil Sumatera Selatan dan Kepulauan Bangka Belitung
4110230000;KPP Pratama Sekayu;Kabupaten Musi Banyuasin;Kanwil Sumatera Selatan dan Kepulauan Bangka Belitung
4110240000;KPP Pratama Tanjung Pandan;Kabupaten Belitung;Kanwil Sumatera Selatan dan Kepulauan Bangka Belitung
4110250000;KPP Pratama Pangkal Pinang;Kota Pangkal Pinang;Kanwil Sumatera Selatan dan Kepulauan Bangka Belitung
4110260000;KPP Pratama Bangka;Kota Pangkalpinang;Kanwil Sumatera Selatan dan Kepulauan Bangka Belitung
4111140000;KPP Pratama Natar;Kabupaten Lampung Selatan;Kanwil Bengkulu dan Lampung
4111150000;KPP Pratama Metro;Kota Metro;Kanwil Bengkulu dan Lampung
4111160000;KPP Pratama Kotabumi;Kabupaten Lampung Utara;Kanwil Bengkulu dan Lampung
4111180000;KPP Pratama Curup;Kabupaten Rejang Lebong;Kanwil Bengkulu dan Lampung
4111200000;KPP Madya Bandar Lampung;Kota Bandar Lampung;Kanwil Bengkulu dan Lampung
4111210000;KPP Pratama Bandar Lampung Satu;Kota Bandar Lampung;Kanwil Bengkulu dan Lampung
4111220000;KPP Pratama Bandar Lampung Dua;Kota Bandar Lampung;Kanwil Bengkulu dan Lampung
4111230000;KPP Pratama Bengkulu Satu;Kota Bengkulu;Kanwil Bengkulu dan Lampung
4111240000;KPP Pratama Bengkulu Dua;Kota Bengkulu;Kanwil Bengkulu dan Lampung
4113130000;KPP Pratama Bukittinggi;Kota Bukittinggi;Kanwil Sumatera Barat dan Jambi
4113140000;KPP Pratama Payakumbuh;Kota Payakumbuh;Kanwil Sumatera Barat dan Jambi
4113160000;KPP Pratama Solok;Kota Solok;Kanwil Sumatera Barat dan Jambi
4113170000;KPP Pratama Bangko;Kabupaten Merangin;Kanwil Sumatera Barat dan Jambi
4113190000;KPP Pratama Kuala Tungkal;Kabupaten Tanjung Jabung Barat;Kanwil Sumatera Barat dan Jambi
4113200000;KPP Pratama Muara Bungo;Kabupaten Bungo;Kanwil Sumatera Barat dan Jambi
4113210000;KPP Pratama Padang Satu;Kota Padang;Kanwil Sumatera Barat dan Jambi
4113220000;KPP Pratama Padang Dua;Kota Padang;Kanwil Sumatera Barat dan Jambi
4113230000;KPP Pratama Jambi Telanaipura;Kota Jambi;Kanwil Sumatera Barat dan Jambi
4113240000;KPP Pratama Jambi Pelayangan;Kota Jambi;Kanwil Sumatera Barat dan Jambi
4114010000;KPP Madya Pekanbaru;Kota Pekanbaru;Kanwil Riau
4114020000;KPP Pratama Pekanbaru Senapelan;Kota Pekanbaru;Kanwil Riau
4114030000;KPP Pratama Pekanbaru Tampan;Kota Pekanbaru;Kanwil Riau
4114040000;KPP Pratama Dumai;Kota Dumai;Kanwil Riau
4114050000;KPP Pratama Rengat;Kabupaten Indragiri Hulu;Kanwil Riau
4114060000;KPP Pratama Bengkalis;Kabupaten Bengkalis;Kanwil Riau
4114070000;KPP Pratama Bangkinang;Kota Pekanbaru;Kanwil Riau
4114080000;KPP Pratama Pangkalan Kerinci;Kabupaten Pelalawan;Kanwil Riau
4115010000;KPP Madya Batam;Kota Batam;Kanwil Kepulauan Riau
4115020000;KPP Pratama Tanjung Pinang;Kota Tanjungpinang;Kanwil Kepulauan Riau
4115030000;KPP Pratama Batam Utara;Kota Batam;Kanwil Kepulauan Riau
4115040000;KPP Pratama Batam Selatan;Kota Batam;Kanwil Kepulauan Riau
4115050000;KPP Pratama Tanjung Balai Karimun;Kabupaten Karimun;Kanwil Kepulauan Riau
4115060000;KPP Pratama Bintan;Kota Tanjung Pinang;Kanwil Kepulauan Riau
4204210000;KPP Madya Jakarta Pusat;Kota Jakarta Pusat;Kanwil Jakarta Pusat
4204220000;KPP Pratama Jakarta Gambir Satu;Kota Jakarta Pusat;Kanwil Jakarta Pusat
4204230000;KPP Pratama Jakarta Gambir Dua;Kota Jakarta Pusat;Kanwil Jakarta Pusat
4204240000;KPP Pratama Jakarta Gambir Tiga;Kota Jakarta Pusat;Kanwil Jakarta Pusat
4204260000;KPP Pratama Jakarta Sawah Besar Satu;Kota Jakarta Pusat;Kanwil Jakarta Pusat
4204270000;KPP Pratama Jakarta Sawah Besar Dua;Kota Jakarta Pusat;Kanwil Jakarta Pusat
4204280000;KPP Pratama Jakarta Kemayoran;Kota Jakarta Pusat;Kanwil Jakarta Pusat
4204290000;KPP Pratama Jakarta Cempaka Putih;Kota Jakarta Pusat;Kanwil Jakarta Pusat
4204300000;KPP Pratama Jakarta Menteng Satu;Kota Jakarta Pusat;Kanwil Jakarta Pusat
4204310000;KPP Pratama Jakarta Menteng Dua;Kota Jakarta Pusat;Kanwil Jakarta Pusat
4204320000;KPP Pratama Jakarta Menteng Tiga;Kota Jakarta Pusat;Kanwil Jakarta Pusat
4204330000;KPP Pratama Jakarta Senen;Kota Jakarta Pusat;Kanwil Jakarta Pusat
4204340000;KPP Pratama Jakarta Tanah Abang Satu;Kota Jakarta Pusat;Kanwil Jakarta Pusat
4204350000;KPP Pratama Jakarta Tanah Abang Dua;Kota Jakarta Pusat;Kanwil Jakarta Pusat
4204360000;KPP Pratama Jakarta Tanah Abang Tiga;Kota Jakarta Pusat;Kanwil Jakarta Pusat
4204370000;KPP Madya Dua Jakarta Pusat;Kota Jakarta Pusat;Kanwil Jakarta Pusat
4205010000;KPP Madya Jakarta Barat;Kota Jakarta Pusat;Kanwil Jakarta Barat
4205130000;KPP Pratama Jakarta Palmerah;Kota Jakarta Barat;Kanwil Jakarta Barat
4205140000;KPP Pratama Jakarta Grogol Petamburan;Kota Jakarta Barat;Kanwil Jakarta Barat
4205170000;KPP Pratama Jakarta Tambora;Kota Jakarta Barat;Kanwil Jakarta Barat
4205180000;KPP Pratama Jakarta Cengkareng;Kota Jakarta Barat;Kanwil Jakarta Barat
4205190000;KPP Pratama Jakarta Kalideres;Kota Jakarta Barat;Kanwil Jakarta Barat
4205200000;KPP Pratama Jakarta Kebon Jeruk Satu;Kota Jakarta Barat;Kanwil Jakarta Barat
4205210000;KPP Pratama Jakarta Kebon Jeruk Dua;Kota Jakarta Barat;Kanwil Jakarta Barat
4205220000;KPP Pratama Jakarta Kembangan;Kota Jakarta Barat;Kanwil Jakarta Barat
4205230000;KPP Madya Dua Jakarta Barat;Kota Jakarta Barat;Kanwil Jakarta Barat
4205240000;KPP Pratama Jakarta Tamansari;Kota Jakarta Barat;Kanwil Jakarta Barat
4206010001;KPP Madya Jakarta Selatan I;Kota Jakarta Pusat;Kanwil Jakarta Selatan I
4206170000;KPP Pratama Jakarta Setiabudi Satu;Kota Jakarta Selatan;Kanwil Jakarta Selatan I
4206180000;KPP Pratama Jakarta Setiabudi Dua;Kota Jakarta Selatan;Kanwil Jakarta Selatan I
4206190000;KPP Pratama Jakarta Tebet;Kota Jakarta Selatan;Kanwil Jakarta Selatan I
4206230000;KPP Pratama Jakarta Mampang Prapatan;Kota Jakarta Selatan;Kanwil Jakarta Selatan I
4206240000;KPP Pratama Jakarta Pancoran;Kota Jakarta Selatan;Kanwil Jakarta Selatan I
4206270000;KPP Pratama Jakarta Setiabudi Tiga;Kota Jakarta Selatan;Kanwil Jakarta Selatan I
4206300001;KPP Madya Dua Jakarta Selatan I;Kota Jakarta Selatan;Kanwil Jakarta Selatan I
4207010000;KPP Madya Jakarta Timur;Kota Jakarta Pusat;Kanwil Jakarta Timur
4207110000;KPP Pratama Jakarta Matraman;Kota Jakarta Timur;Kanwil Jakarta Timur
4207120000;KPP Pratama Jakarta Jatinegara;Kota Jakarta Timur;Kanwil Jakarta Timur
4207130000;KPP Pratama Jakarta Pulogadung;Kota Jakarta Timur;Kanwil Jakarta Timur
4207160000;KPP Pratama Jakarta Kramat Jati;Kota Jakarta Timur;Kanwil Jakarta Timur
4207170000;KPP Pratama Jakarta Duren Sawit;Kota Jakarta Timur;Kanwil Jakarta Timur
4207180000;KPP Pratama Jakarta Pasar Rebo;Kota Jakarta Timur;Kanwil Jakarta Timur
4207190000;KPP Madya Dua Jakarta Timur;Kota Jakarta Timur;Kanwil Jakarta Timur
4207200000;KPP Pratama Jakarta Cakung;Kota Jakarta Timur;Kanwil Jakarta Timur
4208010000;KPP Madya Jakarta Utara;Kota Jakarta Pusat;Kanwil Jakarta Utara
4208100000;KPP Pratama Jakarta Penjaringan;Kota Jakarta Barat;Kanwil Jakarta Utara
4208110000;KPP Pratama Jakarta Pademangan;Kota Jakarta Utara;Kanwil Jakarta Utara
4208120000;KPP Pratama Jakarta Tanjung Priok;Kota Jakarta Utara;Kanwil Jakarta Utara
4208130000;KPP Pratama Jakarta Koja;Kota Jakarta Utara;Kanwil Jakarta Utara
4208140000;KPP Pratama Jakarta Kelapa Gading;Kota Jakarta Utara;Kanwil Jakarta Utara
4208160000;KPP Pratama Jakarta Pluit;Kota Jakarta Utara;Kanwil Jakarta Utara
4208170000;KPP Madya Dua Jakarta Utara;Kota Jakarta Utara;Kanwil Jakarta Utara
4209010000;KPP Pratama Jakarta Kebayoran Baru Satu;Kota Jakarta Selatan;Kanwil Jakarta Selatan II
4209020000;KPP Pratama Jakarta Kebayoran Baru Dua;Kota Jakarta Selatan;Kanwil Jakarta Selatan II
4209050000;KPP Pratama Jakarta Kebayoran Lama;Kota Jakarta Selatan;Kanwil Jakarta Selatan II
4209060000;KPP Pratama Jakarta Pesanggrahan;Kota Jakarta Selatan;Kanwil Jakarta Selatan II
4209070000;KPP Pratama Jakarta Pasar Minggu;Kota Jakarta Selatan;Kanwil Jakarta Selatan II
4209080000;KPP Pratama Jakarta Cilandak;Kota Jakarta Selatan;Kanwil Jakarta Selatan II
4209090000;KPP Pratama Jakarta Jagakarsa;Kota Jakarta Selatan;Kanwil Jakarta Selatan II
4209100000;KPP Madya Jakarta Selatan II;Kota Jakarta Selatan;Kanwil Jakarta Selatan II
4209110000;KPP Madya Dua Jakarta Selatan II;Kota Jakarta Selatan;Kanwil Jakarta Selatan II
4303010000;KPP Madya Tangerang;Kota Tangerang;Kanwil Banten
4303110000;KPP Pratama Cilegon;Kota Cilegon;Kanwil Banten
4303120000;KPP Pratama Pandeglang;Kabupaten Pandeglang;Kanwil Banten
4303140000;KPP Pratama Serpong;Kota Tangerang Selatan;Kanwil Banten
4303150000;KPP Pratama Kosambi;Kota Tangerang;Kanwil Banten
4303160000;KPP Pratama Tigaraksa;Kabupaten Tangerang;Kanwil Banten
4303170000;KPP Pratama Tangerang Timur;Kota Tangerang;Kanwil Banten
4303180000;KPP Pratama Tangerang Barat;Kota Tangerang;Kanwil Banten
4303190000;KPP Pratama Pondok Aren;Kota Tangerang Selatan;Kanwil Banten
4303210000;KPP Pratama Serang Barat;Kota Serang;Kanwil Banten
4303220000;KPP Pratama Serang Timur;Kota Serang;Kanwil Banten
4303230000;KPP Madya Dua Tangerang;Kabupaten Tangerang;Kanwil Banten
4304010000;KPP Madya Bandung;Kota Bandung;Kanwil Jawa Barat I
4304230000;KPP Pratama Bandung Bojonagara;Kota Bandung;Kanwil Jawa Barat I
4304240000;KPP Pratama Bandung Cibeunying;Kota Bandung;Kanwil Jawa Barat I
4304250000;KPP Pratama Bandung Cicadas;Kota Bandung;Kanwil Jawa Barat I
4304270000;KPP Pratama Bandung Tegallega;Kota Bandung;Kanwil Jawa Barat I
4304280000;KPP Pratama Ciamis;Kabupaten Ciamis;Kanwil Jawa Barat I
4304290000;KPP Pratama Cianjur;Kabupaten Cianjur;Kanwil Jawa Barat I
4304300000;KPP Pratama Cimahi;Kota Cimahi;Kanwil Jawa Barat I
4304310000;KPP Pratama Purwakarta;Kabupaten Purwakarta;Kanwil Jawa Barat I
4304320000;KPP Pratama Soreang;Kabupaten Bandung Barat;Kanwil Jawa Barat I
4304330000;KPP Pratama Majalaya;Kota Bandung;Kanwil Jawa Barat I
4304340000;KPP Pratama Sukabumi;Kota Sukabumi;Kanwil Jawa Barat I
4304350000;KPP Pratama Sumedang;Kabupaten Sumedang;Kanwil Jawa Barat I
4304360000;KPP Pratama Tasikmalaya;Kota Tasikmalaya;Kanwil Jawa Barat I
4304370000;KPP Pratama Garut;Kabupaten Garut;Kanwil Jawa Barat I
4304380000;KPP Madya Dua Bandung;Kota Bandung;Kanwil Jawa Barat I
4305010000;KPP Madya Bekasi;Kota Bekasi;Kanwil Jawa Barat II
4305240000;KPP Pratama Cibitung;Kabupaten Bekasi;Kanwil Jawa Barat II
4305250000;KPP Pratama Cikarang Selatan;Kabupaten Bekasi;Kanwil Jawa Barat II
4305260000;KPP Pratama Cikarang Utara;Kabupaten Bekasi;Kanwil Jawa Barat II
4305270000;KPP Pratama Kuningan;Kabupaten Kuningan;Kanwil Jawa Barat II
4305300000;KPP Pratama Indramayu;Kabupaten Indramayu;Kanwil Jawa Barat II
4305330000;KPP Pratama Subang;Kabupaten Subang;Kanwil Jawa Barat II
4305390000;KPP Pratama Cirebon Satu;Kota Cirebon;Kanwil Jawa Barat II
4305400000;KPP Pratama Cirebon Dua;Kota Cirebon;Kanwil Jawa Barat II
4305410000;KPP Madya Karawang;Kabupaten Karawang;Kanwil Jawa Barat II
4305420000;KPP Pratama Karawang;Kabupaten Karawang;Kanwil Jawa Barat II
4306010000;KPP Pratama Pondok Gede;Kota Bekasi;Kanwil Jawa Barat III
4306020000;KPP Pratama Bekasi Barat;Kota Bekasi;Kanwil Jawa Barat III
4306040000;KPP Pratama Bekasi Utara;Kota Bekasi;Kanwil Jawa Barat III
4306050000;KPP Pratama Depok Sawangan;Kota Depok;Kanwil Jawa Barat III
4306060000;KPP Pratama Depok Cimanggis;Kota Depok;Kanwil Jawa Barat III
4306070000;KPP Pratama Cibinong;Kabupaten Bogor;Kanwil Jawa Barat III
4306080000;KPP Pratama Ciawi;Kota Bogor;Kanwil Jawa Barat III
4306090000;KPP Pratama Cileungsi;Kabupaten Bogor;Kanwil Jawa Barat III
4306100000;KPP Pratama Bogor;Kota Bogor;Kanwil Jawa Barat III
4306110000;KPP Madya Bogor;Kota Bogor;Kanwil Jawa Barat III
4306120000;KPP Madya Kota Bekasi;Kota Bekasi;Kanwil Jawa Barat III
4322010000;KPP Madya Semarang;Kota Semarang;Kanwil Jawa Tengah I
4322330000;KPP Pratama Blora;Kabupaten Blora;Kanwil Jawa Tengah I
4322340000;KPP Pratama Demak;Kabupaten Demak;Kanwil Jawa Tengah I
4322350000;KPP Pratama Kudus;Kabupaten Kudus;Kanwil Jawa Tengah I
4322360000;KPP Pratama Jepara;Kabupaten Jepara;Kanwil Jawa Tengah I
4322370000;KPP Pratama Pati;Kabupaten Pati;Kanwil Jawa Tengah I
4322380000;KPP Pratama Pekalongan;Kota Pekalongan;Kanwil Jawa Tengah I
4322390000;KPP Pratama Batang;Kabupaten Batang;Kanwil Jawa Tengah I
4322400000;KPP Pratama Salatiga;Kota Salatiga;Kanwil Jawa Tengah I
4322410000;KPP Pratama Semarang Barat;Kota Semarang;Kanwil Jawa Tengah I
4322420000;KPP Pratama Semarang Candisari;Kota Semarang;Kanwil Jawa Tengah I
4322430000;KPP Pratama Semarang Selatan;Kota Semarang;Kanwil Jawa Tengah I
4322460000;KPP Pratama Semarang Timur;Kota Semarang;Kanwil Jawa Tengah I
4322470000;KPP Pratama Semarang Gayamsari;Kota Semarang;Kanwil Jawa Tengah I
4322480000;KPP Pratama Tegal;Kota Tegal;Kanwil Jawa Tengah I
4322490000;KPP Madya Dua Semarang;Kota Semarang;Kanwil Jawa Tengah I
4322500000;KPP Pratama Semarang Tengah;Kota Semarang;Kanwil Jawa Tengah I
4323240000;KPP Pratama Purwokerto;Kabupaten Banyumas;Kanwil Jawa Tengah II
4323250000;KPP Pratama Surakarta;Kota Surakarta;Kanwil Jawa Tengah II
4323260000;KPP Pratama Purbalingga;Kabupaten Purbalingga;Kanwil Jawa Tengah II
4323270000;KPP Pratama Boyolali;Kabupaten Boyolali;Kanwil Jawa Tengah II
4323280000;KPP Pratama Temanggung;Kabupaten Temanggung;Kanwil Jawa Tengah II
4323300000;KPP Pratama Klaten;Kabupaten Klaten;Kanwil Jawa Tengah II
4323310000;KPP Pratama Cilacap;Kabupaten Cilacap;Kanwil Jawa Tengah II
4323320000;KPP Pratama Karanganyar;Kabupaten Karanganyar;Kanwil Jawa Tengah II
4323330000;KPP Pratama Kebumen;Kabupaten Kebumen;Kanwil Jawa Tengah II
4323340000;KPP Pratama Sukoharjo;Kabupaten Sukoharjo;Kanwil Jawa Tengah II
4323350000;KPP Pratama Magelang;Kota Magelang;Kanwil Jawa Tengah II
4323360000;KPP Madya Surakarta;Kota Surakarta;Kanwil Jawa Tengah II
4327070000;KPP Pratama Sleman;Kabupaten Sleman;Kanwil Daerah Istimewa Yogyakarta
4327080000;KPP Pratama Yogyakarta;Kota Yogyakarta;Kanwil Daerah Istimewa Yogyakarta
4327090000;KPP Pratama Wonosari;Kabupaten Gunung Kidul;Kanwil Daerah Istimewa Yogyakarta
4327100000;KPP Pratama Wates;Kabupaten Kulon Progo;Kanwil Daerah Istimewa Yogyakarta
4327110000;KPP Pratama Bantul;Kabupaten Bantul;Kanwil Daerah Istimewa Yogyakarta
4343010000;KPP Madya Surabaya;Kota Surabaya;Kanwil Jawa Timur I
4343180000;KPP Pratama Surabaya Genteng;Kota Surabaya;Kanwil Jawa Timur I
4343190000;KPP Pratama Surabaya Gubeng;Kota Surabaya;Kanwil Jawa Timur I
4343200000;KPP Pratama Surabaya Krembangan;Kota Surabaya;Kanwil Jawa Timur I
4343210000;KPP Pratama Surabaya Pabean Cantikan;Kota Surabaya;Kanwil Jawa Timur I
4343220000;KPP Pratama Surabaya Rungkut;Kota Surabaya;Kanwil Jawa Timur I
4343230000;KPP Pratama Surabaya Sawahan;Kota Surabaya;Kanwil Jawa Timur I
4343250000;KPP Pratama Surabaya Mulyorejo;Kota Surabaya;Kanwil Jawa Timur I
4343260000;KPP Pratama Surabaya Sukomanunggal;Kota Surabaya;Kanwil Jawa Timur I
4343270000;KPP Pratama Surabaya Tegalsari;Kota Surabaya;Kanwil Jawa Timur I
4343280000;KPP Pratama Surabaya Wonocolo;Kota Surabaya;Kanwil Jawa Timur I
4343290000;KPP Pratama Surabaya Karangpilang;Kota Surabaya;Kanwil Jawa Timur I
4343300000;KPP Madya Dua Surabaya;Kota Surabaya;Kanwil Jawa Timur I
4344010000;KPP Madya Sidoarjo;Kabupaten Sidoarjo;Kanwil Jawa Timur II
4344200000;KPP Pratama Bojonegoro;Kabupaten Bojonegoro;Kanwil Jawa Timur II
4344210000;KPP Pratama Lamongan;Kabupaten Lamongan;Kanwil Jawa Timur II
4344240000;KPP Pratama Madiun;Kota Madiun;Kanwil Jawa Timur II
4344250000;KPP Pratama Mojokerto;Kabupaten Mojokerto;Kanwil Jawa Timur II
4344260000;KPP Pratama Sidoarjo Barat;Kabupaten Sidoarjo;Kanwil Jawa Timur II
4344270000;KPP Pratama Sidoarjo Selatan;Kabupaten Sidoarjo;Kanwil Jawa Timur II
4344280000;KPP Pratama Sidoarjo Utara;Kabupaten Sidoarjo;Kanwil Jawa Timur II
4344290000;KPP Pratama Tuban;Kabupaten Tuban;Kanwil Jawa Timur II
4344300000;KPP Pratama Ngawi;Kabupaten Ngawi;Kanwil Jawa Timur II
4344310000;KPP Pratama Ponorogo;Kabupaten Ponorogo;Kanwil Jawa Timur II
4344320000;KPP Pratama Pamekasan;Kabupaten Pamekasan;Kanwil Jawa Timur II
4344330000;KPP Pratama Bangkalan;Kabupaten Bangkalan;Kanwil Jawa Timur II
4344340000;KPP Pratama Jombang;Kabupaten Jombang;Kanwil Jawa Timur II
4344350000;KPP Madya Gresik;Kabupaten Gresik;Kanwil Jawa Timur II
4344360000;KPP Pratama Gresik;Kabupaten Gresik;Kanwil Jawa Timur II
4345010000;KPP Madya Malang;Kota Malang;Kanwil Jawa Timur III
4345230000;KPP Pratama Banyuwangi;Kabupaten Banyuwangi;Kanwil Jawa Timur III
4345240000;KPP Pratama Batu;Kota Batu;Kanwil Jawa Timur III
4345250000;KPP Pratama Singosari;Kabupaten Malang;Kanwil Jawa Timur III
4345260000;KPP Pratama Kepanjen;Kabupaten Malang;Kanwil Jawa Timur III
4345270000;KPP Pratama Blitar;Kota Blitar;Kanwil Jawa Timur III
4345280000;KPP Pratama Jember;Kabupaten Jember;Kanwil Jawa Timur III
4345290000;KPP Pratama Kediri;Kota Kediri;Kanwil Jawa Timur III
4345300000;KPP Pratama Pare;Kota Kediri;Kanwil Jawa Timur III
4345310000;KPP Pratama Malang Selatan;Kota Malang;Kanwil Jawa Timur III
4345320000;KPP Pratama Malang Utara;Kota Malang;Kanwil Jawa Timur III
4345330000;KPP Pratama Pasuruan;Kota Pasuruan;Kanwil Jawa Timur III
4345340000;KPP Pratama Probolinggo;Kota Probolinggo;Kanwil Jawa Timur III
4345350000;KPP Pratama Situbondo;Kabupaten Situbondo;Kanwil Jawa Timur III
4345360000;KPP Pratama Tulungagung;Kabupaten Tulungagung;Kanwil Jawa Timur III
4403080000;KPP Pratama Ketapang;Kabupaten Ketapang;Kanwil Kalimantan Barat
4403100001;KPP Pratama Kubu Raya;Kota Pontianak;Kanwil Kalimantan Barat
4403110000;KPP Pratama Sanggau;Kabupaten Sanggau;Kanwil Kalimantan Barat
4403120000;KPP Pratama Singkawang;Kota Singkawang;Kanwil Kalimantan Barat
4403130000;KPP Pratama Sintang;Kabupaten Sintang;Kanwil Kalimantan Barat
4403140000;KPP Pratama Pontianak Barat;Kota Pontianak;Kanwil Kalimantan Barat
4403150000;KPP Pratama Pontianak Timur;Kota Pontianak;Kanwil Kalimantan Barat
4404140000;KPP Pratama Banjarbaru;Kota Banjarbaru;Kanwil Kalimantan Selatan dan Tengah
4404160000;KPP Pratama Barabai;Kabupaten Hulu Sungai Tengah;Kanwil Kalimantan Selatan dan Tengah
4404170000;KPP Pratama Batulicin;Kabupaten Tanah Bumbu;Kanwil Kalimantan Selatan dan Tengah
4404180000;KPP Pratama Palangkaraya;Kota Palangka Raya;Kanwil Kalimantan Selatan dan Tengah
4404190000;KPP Pratama Pangkalanbun;Kabupaten Kotawaringin Barat;Kanwil Kalimantan Selatan dan Tengah
4404200000;KPP Pratama Tanjung;Kabupaten Tabalong;Kanwil Kalimantan Selatan dan Tengah
4404210000;KPP Pratama Sampit;Kabupaten Kotawaringin Timur;Kanwil Kalimantan Selatan dan Tengah
4404220000;KPP Pratama Muara Teweh;Kabupaten Barito Utara;Kanwil Kalimantan Selatan dan Tengah
4404240001;KPP Pratama Banjarmasin;Kota Banjarmasin;Kanwil Kalimantan Selatan dan Tengah
4404250000;KPP Madya Banjarmasin;Kota Banjarmasin;Kanwil Kalimantan Selatan dan Tengah
4405010000;KPP Madya Balikpapan;Kota Balikpapan;Kanwil Kalimantan Timur dan Utara
4405120000;KPP Pratama Penajam;Kota Balikpapan;Kanwil Kalimantan Timur dan Utara
4405140000;KPP Pratama Bontang;Kota Bontang;Kanwil Kalimantan Timur dan Utara
4405150000;KPP Pratama Tarakan;Kota Tarakan;Kanwil Kalimantan Timur dan Utara
4405170000;KPP Pratama Tanjung Redeb;Kota Tarakan;Kanwil Kalimantan Timur dan Utara
4405180000;KPP Pratama Tenggarong;Kota Samarinda;Kanwil Kalimantan Timur dan Utara
4405190000;KPP Pratama Balikpapan Barat;Kota Balikpapan;Kanwil Kalimantan Timur dan Utara
4405200000;KPP Pratama Balikpapan Timur;Kota Balikpapan;Kanwil Kalimantan Timur dan Utara
4405210000;KPP Pratama Samarinda Ilir;Kota Samarinda;Kanwil Kalimantan Timur dan Utara
4405220000;KPP Pratama Samarinda Ulu;Kota Samarinda;Kanwil Kalimantan Timur dan Utara
4409010000;KPP Madya Makassar;Kota Makassar;Kanwil Sulawesi Selatan, Barat, dan Tenggara
4409180000;KPP Pratama Makassar Utara;Kota Makassar;Kanwil Sulawesi Selatan, Barat, dan Tenggara
4409190000;KPP Pratama Makassar Barat;Kota Makassar;Kanwil Sulawesi Selatan, Barat, dan Tenggara
4409200000;KPP Pratama Makassar Selatan;Kota Makassar;Kanwil Sulawesi Selatan, Barat, dan Tenggara
4409210000;KPP Pratama Bulukumba;Kabupaten Bulukumba;Kanwil Sulawesi Selatan, Barat, dan Tenggara
4409220000;KPP Pratama Bantaeng;Kabupaten Bantaeng;Kanwil Sulawesi Selatan, Barat, dan Tenggara
4409230000;KPP Pratama Watampone;Kabupaten Bone;Kanwil Sulawesi Selatan, Barat, dan Tenggara
4409240000;KPP Pratama Maros;Kabupaten Maros;Kanwil Sulawesi Selatan, Barat, dan Tenggara
4409250000;KPP Pratama Palopo;Kota Palopo;Kanwil Sulawesi Selatan, Barat, dan Tenggara
4409260000;KPP Pratama Parepare;Kota Parepare;Kanwil Sulawesi Selatan, Barat, dan Tenggara
4409270000;KPP Pratama Majene;Kabupaten Majene;Kanwil Sulawesi Selatan, Barat, dan Tenggara
4409280000;KPP Pratama Mamuju;Kabupaten Mamuju;Kanwil Sulawesi Selatan, Barat, dan Tenggara
4409290000;KPP Pratama Kendari;Kota Kendari;Kanwil Sulawesi Selatan, Barat, dan Tenggara
4409300000;KPP Pratama Kolaka;Kota Kendari;Kanwil Sulawesi Selatan, Barat, dan Tenggara
4409310000;KPP Pratama Baubau;Kota Baubau;Kanwil Sulawesi Selatan, Barat, dan Tenggara
4410170000;KPP Pratama Bitung;Kota Bitung;Kanwil Sulawesi Utara, Tengah, Gorontalo, dan Maluku Utara
4410180000;KPP Pratama Manado;Kota Manado;Kanwil Sulawesi Utara, Tengah, Gorontalo, dan Maluku Utara
4410190000;KPP Pratama Gorontalo;Kota Gorontalo;Kanwil Sulawesi Utara, Tengah, Gorontalo, dan Maluku Utara
4410200000;KPP Pratama Kotamobagu;Kota Kotamobagu;Kanwil Sulawesi Utara, Tengah, Gorontalo, dan Maluku Utara
4410210000;KPP Pratama Tahuna;Kabupaten Kepulauan Sangihe;Kanwil Sulawesi Utara, Tengah, Gorontalo, dan Maluku Utara
4410220000;KPP Pratama Luwuk;Kabupaten Banggai;Kanwil Sulawesi Utara, Tengah, Gorontalo, dan Maluku Utara
4410230000;KPP Pratama Palu;Kota Palu;Kanwil Sulawesi Utara, Tengah, Gorontalo, dan Maluku Utara
4410240000;KPP Pratama Poso;Kabupaten Morowali;Kanwil Sulawesi Utara, Tengah, Gorontalo, dan Maluku Utara
4410260000;KPP Pratama Tobelo;Kabupaten Halmahera Utara;Kanwil Sulawesi Utara, Tengah, Gorontalo, dan Maluku Utara
4410270000;KPP Pratama Ternate;Kota Ternate;Kanwil Sulawesi Utara, Tengah, Gorontalo, dan Maluku Utara
4502010000;KPP Madya Denpasar;Kota Denpasar;Kanwil Bali
4502090000;KPP Pratama Badung Selatan;Kota Denpasar;Kanwil Bali
4502100000;KPP Pratama Badung Utara;Kota Denpasar;Kanwil Bali
4502110000;KPP Pratama Gianyar;Kabupaten Gianyar;Kanwil Bali
4502120000;KPP Pratama Denpasar Barat;Kota Denpasar;Kanwil Bali
4502130000;KPP Pratama Denpasar Timur;Kota Denpasar;Kanwil Bali
4502140000;KPP Pratama Singaraja;Kabupaten Buleleng;Kanwil Bali
4502150000;KPP Pratama Tabanan;Kabupaten Tabanan;Kanwil Bali
4503140000;KPP Pratama Mataram Timur;Kota Mataram;Kanwil Nusa Tenggara
4503150000;KPP Pratama Mataram Barat;Kota Mataram;Kanwil Nusa Tenggara
4503160000;KPP Pratama Praya;Kabupaten Lombok Tengah;Kanwil Nusa Tenggara
4503170000;KPP Pratama Sumbawa Besar;Kabupaten Sumbawa;Kanwil Nusa Tenggara
4503180000;KPP Pratama Raba Bima;Kota Bima;Kanwil Nusa Tenggara
4503190000;KPP Pratama Ende;Kabupaten Ende;Kanwil Nusa Tenggara
4503200000;KPP Pratama Ruteng;Kabupaten Manggarai Barat;Kanwil Nusa Tenggara
4503210000;KPP Pratama Maumere;Kabupaten Sikka;Kanwil Nusa Tenggara
4503220000;KPP Pratama Atambua;Kota Atambua;Kanwil Nusa Tenggara
4503230000;KPP Pratama Kupang;Kota Kupang;Kanwil Nusa Tenggara
4503240000;KPP Pratama Waingapu;Kabupaten Sumba Timur;Kanwil Nusa Tenggara
4511150000;KPP Pratama Ambon;Kota Ambon;Kanwil Papua, Papua Barat, dan Maluku
4511160000;KPP Pratama Jayapura;Kota Jayapura;Kanwil Papua, Papua Barat, dan Maluku
4511170000;KPP Pratama Merauke;Kabupaten Merauke;Kanwil Papua, Papua Barat, dan Maluku
4511180000;KPP Pratama Manokwari;Kabupaten Manokwari;Kanwil Papua, Papua Barat, dan Maluku
4511190000;KPP Pratama Sorong;Kota Sorong;Kanwil Papua, Papua Barat, dan Maluku
4511200000;KPP Pratama Timika;Kabupaten Mimika;Kanwil Papua, Papua Barat, dan Maluku
4511210000;KPP Pratama Biak;Kabupaten Biak Numfor;Kanwil Papua, Papua Barat, dan Maluku
4601130000;KPP Penanaman Modal Asing Satu;Kota Jakarta Selatan;Kanwil Jakarta Khusus
4601140000;KPP Penanaman Modal Asing Dua;Kota Jakarta Selatan;Kanwil Jakarta Khusus
4601150000;KPP Penanaman Modal Asing Tiga;Kota Jakarta Selatan;Kanwil Jakarta Khusus
4601160000;KPP Penanaman Modal Asing Empat;Kota Jakarta Selatan;Kanwil Jakarta Khusus
4601170000;KPP Penanaman Modal Asing Lima;Kota Jakarta Selatan;Kanwil Jakarta Khusus
4601180000;KPP Penanaman Modal Asing Enam;Kota Jakarta Selatan;Kanwil Jakarta Khusus
4601210000;KPP Perusahaan Masuk Bursa;Kota Jakarta Selatan;Kanwil Jakarta Khusus
4601230000;KPP Badan dan Orang Asing;Kota Jakarta Selatan;Kanwil Jakarta Khusus
4601240000;KPP Minyak dan Gas Bumi;Kota Jakarta Selatan;Kanwil Jakarta Khusus
4602010000;KPP Wajib Pajak Besar Satu;Kota Jakarta Selatan;Kanwil Wajib Pajak Besar
4602020000;KPP Wajib Pajak Besar Dua;Kota Jakarta Selatan;Kanwil Wajib Pajak Besar
4602070000;KPP Wajib Pajak Besar Tiga;Kota Jakarta Selatan;Kanwil Wajib Pajak Besar
4602080000;KPP Wajib Pajak Besar Empat;Kota Jakarta Selatan;Kanwil Wajib Pajak Besar
